{"count":1,"self":9.4155936,"total":253.15489209999998,"children":{"InitializeActuators":{"count":1,"self":0.00099899999999999989,"total":0.00099899999999999989,"children":null},"InitializeSensors":{"count":1,"self":0.0010927,"total":0.0010927,"children":null},"AgentSendState":{"count":68375,"self":0.3428326,"total":3.0367663,"children":{"CollectObservations":{"count":68375,"self":1.4822898999999998,"total":1.4822898999999998,"children":null},"WriteActionMask":{"count":68375,"self":0.058127599999999995,"total":0.058127599999999995,"children":null},"RequestDecision":{"count":68375,"self":0.1381465,"total":1.1535161999999999,"children":{"AgentInfo.ToProto":{"count":68375,"self":0.29824229999999996,"total":1.0153697,"children":{"GenerateSensorData":{"count":68375,"self":0.7171274,"total":0.7171274,"children":null}}}}}}},"DecideAction":{"count":68375,"self":231.1288576,"total":231.12886419999998,"children":null},"AgentAct":{"count":68375,"self":8.6473535999999989,"total":9.569576099999999,"children":{"AgentInfo.ToProto":{"count":40004,"self":0.2834991,"total":0.9222226,"children":{"GenerateSensorData":{"count":40004,"self":0.6387235,"total":0.6387235,"children":null}}}}}},"gauges":{"Case_1.CumulativeReward":{"count":40004,"max":1,"min":-1,"runningAverage":-0.8041665,"value":-1,"weightedAverage":-0.9958949}},"metadata":{"timer_format_version":"0.1.0","start_time_seconds":"1685237510","unity_version":"2021.3.19f1","command_line_arguments":"C:\\Users\\YunSeong\\Documents\\GitHub\\SecretaryProblem\\.\/SecretaryProblem_UnityEnv_Build\/Case_MonteCarlo\/SecretaryProblem_UnityEnv.exe --mlagents-port 5005","communication_protocol_version":"1.5.0","com.unity.ml-agents_version":"2.0.1","scene_name":"SecretaryProblem_MonteCarlo","end_time_seconds":"1685237763"}}